Feat 1,Feat 2,Feat 3,filename,subject,emotion,priming,true_label,predicted_label,error_count
-44.222496,13.064843,19.355413,./emotion-fmri-neu/cp003_beta_fear_incongruent_c0.nii.gz,3,fear,incongruent,fear,anger,1
-41.75567,68.52629,196.81583,./emotion-fmri-neu/cp027_beta_anger_incongruent_c0.nii.gz,27,anger,incongruent,anger,fear,1
-21.605381,1.1551007,-6.508259,./emotion-fmri-neu/cp009_beta_disgust_congruent_c0.nii.gz,9,disgust,congruent,disgust,fear,1
-21.577696,0.63253343,-6.690654,./emotion-fmri-neu/cp009_beta_anger_congruent_c0.nii.gz,9,anger,congruent,anger,fear,1
-20.119713,0.9304894,-4.2876625,./emotion-fmri-neu/cp009_beta_disgust_incongruent_c0.nii.gz,9,disgust,incongruent,disgust,fear,1
-19.88288,0.2379506,-4.3344226,./emotion-fmri-neu/cp009_beta_anger_incongruent_c0.nii.gz,9,anger,incongruent,anger,fear,1
-19.84407,-2.1782331,-1.4994401,./emotion-fmri-neu/cp009_beta_anger_neutral_c0.nii.gz,9,anger,neutral,anger,fear,1
-19.295969,0.084988534,-1.9075078,./emotion-fmri-neu/cp009_beta_disgust_neutral_c0.nii.gz,9,disgust,neutral,disgust,fear,1
-18.227295,-14.504463,0.92084044,./emotion-fmri-neu/cp018_beta_fear_incongruent_c0.nii.gz,18,fear,incongruent,fear,anger,1
-17.761904,-12.895166,-1.4117895,./emotion-fmri-neu/cp018_beta_fear_congruent_c0.nii.gz,18,fear,congruent,fear,anger,1
-17.661976,-12.285042,-3.4777555,./emotion-fmri-neu/cp018_beta_disgust_congruent_c0.nii.gz,18,disgust,congruent,disgust,anger,1
-17.524302,-13.736393,-6.337204,./emotion-fmri-neu/cp018_beta_disgust_neutral_c0.nii.gz,18,disgust,neutral,disgust,anger,1
-17.43892,-13.540471,-5.696104,./emotion-fmri-neu/cp018_beta_fear_neutral_c0.nii.gz,18,fear,neutral,fear,anger,1
-17.433964,-14.513147,0.38712394,./emotion-fmri-neu/cp018_beta_disgust_incongruent_c0.nii.gz,18,disgust,incongruent,disgust,anger,1
-17.360756,11.738392,5.786582,./emotion-fmri-neu/cp013_beta_disgust_neutral_c0.nii.gz,13,disgust,neutral,disgust,anger,1
-17.334064,-4.6478233,12.394146,./emotion-fmri-neu/cp028_beta_fear_neutral_c0.nii.gz,28,fear,neutral,fear,anger,1
-17.32004,-0.48847592,-3.882817,./emotion-fmri-neu/cp020_beta_anger_congruent_c0.nii.gz,20,anger,congruent,anger,fear,1
-17.05908,-2.9748654,13.309138,./emotion-fmri-neu/cp028_beta_disgust_neutral_c0.nii.gz,28,disgust,neutral,disgust,anger,1
-17.039837,-1.5942705,10.987162,./emotion-fmri-neu/cp028_beta_disgust_incongruent_c0.nii.gz,28,disgust,incongruent,disgust,anger,1
-16.423172,-2.6042676,12.128053,./emotion-fmri-neu/cp028_beta_fear_incongruent_c0.nii.gz,28,fear,incongruent,fear,anger,1
-15.975949,10.621664,5.0982337,./emotion-fmri-neu/cp013_beta_disgust_incongruent_c0.nii.gz,13,disgust,incongruent,disgust,anger,1
-15.599881,12.761633,-13.945704,./emotion-fmri-neu/cp023_beta_disgust_neutral_c0.nii.gz,23,disgust,neutral,disgust,anger,1
-14.851872,14.559316,-12.179686,./emotion-fmri-neu/cp023_beta_fear_congruent_c0.nii.gz,23,fear,congruent,fear,anger,1
-14.796217,6.733873,2.7158108,./emotion-fmri-neu/cp013_beta_fear_neutral_c0.nii.gz,13,fear,neutral,fear,anger,1
-14.6158285,9.228774,5.2011113,./emotion-fmri-neu/cp013_beta_fear_congruent_c0.nii.gz,13,fear,congruent,fear,anger,1
-14.421576,-5.387612,9.165663,./emotion-fmri-neu/cp028_beta_fear_congruent_c0.nii.gz,28,fear,congruent,fear,anger,1
-14.243199,14.618007,-14.395603,./emotion-fmri-neu/cp023_beta_disgust_incongruent_c0.nii.gz,23,disgust,incongruent,disgust,anger,1
-14.219901,7.4754963,2.5697136,./emotion-fmri-neu/cp013_beta_fear_incongruent_c0.nii.gz,13,fear,incongruent,fear,anger,1
-14.033264,-0.13424486,-24.529028,./emotion-fmri-neu/cp005_beta_disgust_neutral_c0.nii.gz,5,disgust,neutral,disgust,fear,1
-14.026702,8.891762,4.2448807,./emotion-fmri-neu/cp013_beta_disgust_congruent_c0.nii.gz,13,disgust,congruent,disgust,anger,1
-13.50848,-5.153566,10.934316,./emotion-fmri-neu/cp028_beta_disgust_congruent_c0.nii.gz,28,disgust,congruent,disgust,anger,1
-12.841888,0.099021904,-21.852448,./emotion-fmri-neu/cp005_beta_disgust_congruent_c0.nii.gz,5,disgust,congruent,disgust,fear,1
-12.832501,13.201396,-13.086405,./emotion-fmri-neu/cp023_beta_fear_incongruent_c0.nii.gz,23,fear,incongruent,fear,anger,1
-12.570611,1.8975811,-22.928085,./emotion-fmri-neu/cp005_beta_anger_congruent_c0.nii.gz,5,anger,congruent,anger,fear,1
-12.5581665,11.936634,-12.84067,./emotion-fmri-neu/cp023_beta_disgust_congruent_c0.nii.gz,23,disgust,congruent,disgust,anger,1
-12.168302,-0.31657112,-22.713459,./emotion-fmri-neu/cp005_beta_anger_incongruent_c0.nii.gz,5,anger,incongruent,anger,fear,1
-11.651717,13.735725,-12.0914,./emotion-fmri-neu/cp023_beta_fear_neutral_c0.nii.gz,23,fear,neutral,fear,anger,1
-11.645766,0.046057884,-25.105888,./emotion-fmri-neu/cp005_beta_anger_neutral_c0.nii.gz,5,anger,neutral,anger,fear,1
-10.645459,-0.4211975,-22.471006,./emotion-fmri-neu/cp005_beta_disgust_incongruent_c0.nii.gz,5,disgust,incongruent,disgust,fear,1
-9.779925,-14.028305,12.108188,./emotion-fmri-neu/cp017_beta_disgust_incongruent_c0.nii.gz,17,disgust,incongruent,disgust,fear,1
-8.754866,-13.870034,11.409778,./emotion-fmri-neu/cp017_beta_anger_incongruent_c0.nii.gz,17,anger,incongruent,anger,fear,1
-8.738614,-16.270094,10.267366,./emotion-fmri-neu/cp017_beta_anger_neutral_c0.nii.gz,17,anger,neutral,anger,fear,1
-8.131372,-16.249792,11.500243,./emotion-fmri-neu/cp017_beta_disgust_neutral_c0.nii.gz,17,disgust,neutral,disgust,fear,1
-8.014998,-12.734118,10.802156,./emotion-fmri-neu/cp017_beta_anger_congruent_c0.nii.gz,17,anger,congruent,anger,fear,1
-7.641131,2.178105,22.704021,./emotion-fmri-neu/cp021_beta_disgust_incongruent_c0.nii.gz,21,disgust,incongruent,disgust,anger,1
-7.148035,1.2894615,21.790785,./emotion-fmri-neu/cp021_beta_fear_incongruent_c0.nii.gz,21,fear,incongruent,fear,anger,1
-7.1410766,4.8659034,19.877508,./emotion-fmri-neu/cp021_beta_disgust_neutral_c0.nii.gz,21,disgust,neutral,disgust,anger,1
-6.769858,25.601702,-2.1690915,./emotion-fmri-neu/cp010_beta_fear_neutral_c0.nii.gz,10,fear,neutral,fear,anger,1
-6.387778,-1.0753514,20.90599,./emotion-fmri-neu/cp021_beta_fear_neutral_c0.nii.gz,21,fear,neutral,fear,anger,1
-6.1181426,-0.21873192,19.63888,./emotion-fmri-neu/cp021_beta_fear_congruent_c0.nii.gz,21,fear,congruent,fear,anger,1
-6.043555,0.21673866,19.176203,./emotion-fmri-neu/cp021_beta_disgust_congruent_c0.nii.gz,21,disgust,congruent,disgust,anger,1
-5.897123,-16.693096,-4.042195,./emotion-fmri-neu/cp029_beta_fear_incongruent_c0.nii.gz,29,fear,incongruent,fear,disgust,1
-5.636675,-4.376998,0.26807317,./emotion-fmri-neu/cp004_beta_anger_neutral_c0.nii.gz,4,anger,neutral,anger,fear,1
-5.4128838,23.815052,-3.8186436,./emotion-fmri-neu/cp010_beta_disgust_congruent_c0.nii.gz,10,disgust,congruent,disgust,anger,1
-5.409869,-13.15283,11.383163,./emotion-fmri-neu/cp017_beta_disgust_congruent_c0.nii.gz,17,disgust,congruent,disgust,fear,1
-5.3428154,-4.4211245,0.07341566,./emotion-fmri-neu/cp004_beta_disgust_neutral_c0.nii.gz,4,disgust,neutral,disgust,fear,1
-5.1304812,-17.173183,-3.2194881,./emotion-fmri-neu/cp029_beta_anger_incongruent_c0.nii.gz,29,anger,incongruent,anger,disgust,1
-5.010017,-14.635142,-3.3671832,./emotion-fmri-neu/cp029_beta_anger_neutral_c0.nii.gz,29,anger,neutral,anger,disgust,1
-4.90592,22.807985,-4.4961276,./emotion-fmri-neu/cp010_beta_fear_congruent_c0.nii.gz,10,fear,congruent,fear,anger,1
-4.7575865,26.579672,-3.095324,./emotion-fmri-neu/cp010_beta_disgust_incongruent_c0.nii.gz,10,disgust,incongruent,disgust,anger,1
-4.698219,25.153957,-3.539268,./emotion-fmri-neu/cp010_beta_fear_incongruent_c0.nii.gz,10,fear,incongruent,fear,anger,1
-4.669361,-12.534274,-19.3584,./emotion-fmri-neu/cp006_beta_fear_incongruent_c0.nii.gz,6,fear,incongruent,fear,disgust,1
-4.667441,-11.607478,-21.121525,./emotion-fmri-neu/cp006_beta_fear_neutral_c0.nii.gz,6,fear,neutral,fear,disgust,1
-4.664474,-3.9429462,-6.5662594,./emotion-fmri-neu/cp008_beta_fear_congruent_c0.nii.gz,8,fear,congruent,fear,disgust,1
-4.640274,25.50734,-0.9185363,./emotion-fmri-neu/cp010_beta_disgust_neutral_c0.nii.gz,10,disgust,neutral,disgust,anger,1
-4.622653,-11.578862,-19.231743,./emotion-fmri-neu/cp006_beta_anger_incongruent_c0.nii.gz,6,anger,incongruent,anger,disgust,1
-4.6175785,-9.721288,-17.709284,./emotion-fmri-neu/cp006_beta_anger_congruent_c0.nii.gz,6,anger,congruent,anger,disgust,1
-4.32342,-18.872282,-2.9751484,./emotion-fmri-neu/cp029_beta_fear_neutral_c0.nii.gz,29,fear,neutral,fear,disgust,1
-3.9759114,-8.979055,-18.20265,./emotion-fmri-neu/cp006_beta_fear_congruent_c0.nii.gz,6,fear,congruent,fear,disgust,1
-3.6655383,-20.857243,-3.3570523,./emotion-fmri-neu/cp029_beta_fear_congruent_c0.nii.gz,29,fear,congruent,fear,disgust,1
-3.5488172,-13.542791,-18.837706,./emotion-fmri-neu/cp006_beta_anger_neutral_c0.nii.gz,6,anger,neutral,anger,disgust,1
-3.0700014,-22.063171,-3.3611612,./emotion-fmri-neu/cp029_beta_anger_congruent_c0.nii.gz,29,anger,congruent,anger,disgust,1
-3.0202649,-2.5951746,-7.324948,./emotion-fmri-neu/cp008_beta_fear_neutral_c0.nii.gz,8,fear,neutral,fear,disgust,1
-2.2072597,15.145924,-10.551568,./emotion-fmri-neu/cp012_beta_disgust_incongruent_c0.nii.gz,12,disgust,incongruent,disgust,anger,1
-1.8600205,4.860094,7.426542,./emotion-fmri-neu/cp012_beta_disgust_neutral_c0.nii.gz,12,disgust,neutral,disgust,fear,1
-1.7409389,14.51714,9.341137,./emotion-fmri-neu/cp004_beta_fear_neutral_c0.nii.gz,4,fear,neutral,fear,anger,1
-1.0262347,-4.629302,2.617351,./emotion-fmri-neu/cp004_beta_anger_incongruent_c0.nii.gz,4,anger,incongruent,anger,disgust,1
-1.0036885,15.679763,-11.851292,./emotion-fmri-neu/cp012_beta_fear_neutral_c0.nii.gz,12,fear,neutral,fear,anger,1
-0.9443335,-3.6688244,2.925977,./emotion-fmri-neu/cp004_beta_fear_incongruent_c0.nii.gz,4,fear,incongruent,fear,disgust,1
-0.78995407,-5.464219,1.3973911,./emotion-fmri-neu/cp004_beta_anger_congruent_c0.nii.gz,4,anger,congruent,anger,disgust,1
-0.5649826,7.8559036,-1.4650939,./emotion-fmri-neu/cp015_beta_disgust_neutral_c0.nii.gz,15,disgust,neutral,disgust,anger,1
-0.546723,5.668322,6.2080836,./emotion-fmri-neu/cp012_beta_anger_congruent_c0.nii.gz,12,anger,congruent,anger,fear,1
-0.46898034,2.361316,-9.174207,./emotion-fmri-neu/cp008_beta_anger_congruent_c0.nii.gz,8,anger,congruent,anger,disgust,1
-0.024221927,0.98921376,-9.896569,./emotion-fmri-neu/cp008_beta_fear_incongruent_c0.nii.gz,8,fear,incongruent,fear,disgust,1
0.2258509,5.608305,-1.4775208,./emotion-fmri-neu/cp015_beta_disgust_incongruent_c0.nii.gz,15,disgust,incongruent,disgust,anger,1
0.24938488,-11.33191,25.020664,./emotion-fmri-neu/cp002_beta_anger_congruent_c0.nii.gz,2,anger,congruent,anger,fear,1
0.38145256,0.84623635,-10.384031,./emotion-fmri-neu/cp008_beta_anger_incongruent_c0.nii.gz,8,anger,incongruent,anger,disgust,1
0.6491326,14.275043,5.9342604,./emotion-fmri-neu/cp016_beta_fear_neutral_c0.nii.gz,16,fear,neutral,fear,anger,1
0.8453184,-11.425597,25.00992,./emotion-fmri-neu/cp002_beta_disgust_congruent_c0.nii.gz,2,disgust,congruent,disgust,fear,1
1.2849852,12.390604,5.9226274,./emotion-fmri-neu/cp016_beta_fear_incongruent_c0.nii.gz,16,fear,incongruent,fear,anger,1
1.4135219,6.8791785,-0.20535527,./emotion-fmri-neu/cp015_beta_disgust_congruent_c0.nii.gz,15,disgust,congruent,disgust,anger,1
1.7833117,12.1000805,7.8417935,./emotion-fmri-neu/cp016_beta_fear_congruent_c0.nii.gz,16,fear,congruent,fear,anger,1
1.9213341,7.944736,3.1952488,./emotion-fmri-neu/cp012_beta_disgust_congruent_c0.nii.gz,12,disgust,congruent,disgust,fear,1
2.5199726,14.134948,5.5741587,./emotion-fmri-neu/cp016_beta_disgust_neutral_c0.nii.gz,16,disgust,neutral,disgust,anger,1
2.5855198,5.2420793,1.0894219,./emotion-fmri-neu/cp015_beta_fear_congruent_c0.nii.gz,15,fear,congruent,fear,anger,1
2.763656,5.3606353,-22.49038,./emotion-fmri-neu/cp025_beta_fear_incongruent_c0.nii.gz,25,fear,incongruent,fear,disgust,1
2.9171383,5.288821,-24.187569,./emotion-fmri-neu/cp025_beta_fear_congruent_c0.nii.gz,25,fear,congruent,fear,disgust,1
2.9671009,5.3300414,-0.108699724,./emotion-fmri-neu/cp015_beta_fear_incongruent_c0.nii.gz,15,fear,incongruent,fear,anger,1
3.227905,-10.389466,26.335487,./emotion-fmri-neu/cp002_beta_disgust_incongruent_c0.nii.gz,2,disgust,incongruent,disgust,fear,1
3.2419498,7.139584,-1.1815526,./emotion-fmri-neu/cp015_beta_fear_neutral_c0.nii.gz,15,fear,neutral,fear,anger,1
3.2781177,-11.131169,25.117815,./emotion-fmri-neu/cp002_beta_anger_incongruent_c0.nii.gz,2,anger,incongruent,anger,fear,1
3.305474,11.899242,6.543023,./emotion-fmri-neu/cp016_beta_disgust_incongruent_c0.nii.gz,16,disgust,incongruent,disgust,anger,1
3.503051,6.1806865,-22.56838,./emotion-fmri-neu/cp025_beta_anger_incongruent_c0.nii.gz,25,anger,incongruent,anger,disgust,1
3.6698835,8.284931,-21.474451,./emotion-fmri-neu/cp025_beta_fear_neutral_c0.nii.gz,25,fear,neutral,fear,disgust,1
3.6824386,10.284575,5.604867,./emotion-fmri-neu/cp012_beta_fear_congruent_c0.nii.gz,12,fear,congruent,fear,disgust,1
3.7526972,6.224226,-24.33146,./emotion-fmri-neu/cp025_beta_anger_congruent_c0.nii.gz,25,anger,congruent,anger,disgust,1
3.9482448,9.103984,15.715868,./emotion-fmri-neu/cp007_beta_disgust_neutral_c0.nii.gz,7,disgust,neutral,disgust,fear,1
3.9650059,-2.6924784,13.047122,./emotion-fmri-neu/cp014_beta_anger_neutral_c0.nii.gz,14,anger,neutral,anger,disgust,1
4.0927377,11.78755,7.914819,./emotion-fmri-neu/cp016_beta_disgust_congruent_c0.nii.gz,16,disgust,congruent,disgust,anger,1
4.0967927,12.797968,14.219705,./emotion-fmri-neu/cp007_beta_disgust_congruent_c0.nii.gz,7,disgust,congruent,disgust,fear,1
4.202906,-8.157215,26.815392,./emotion-fmri-neu/cp002_beta_anger_neutral_c0.nii.gz,2,anger,neutral,anger,fear,1
4.2477994,-11.561579,24.15403,./emotion-fmri-neu/cp002_beta_disgust_neutral_c0.nii.gz,2,disgust,neutral,disgust,fear,1
4.506484,11.335328,17.179121,./emotion-fmri-neu/cp007_beta_anger_congruent_c0.nii.gz,7,anger,congruent,anger,fear,1
4.750844,7.2401915,-24.825985,./emotion-fmri-neu/cp025_beta_anger_neutral_c0.nii.gz,25,anger,neutral,anger,disgust,1
5.081733,-17.443756,6.553507,./emotion-fmri-neu/cp026_beta_fear_neutral_c0.nii.gz,26,fear,neutral,fear,disgust,1
5.320325,10.902495,15.473471,./emotion-fmri-neu/cp007_beta_disgust_incongruent_c0.nii.gz,7,disgust,incongruent,disgust,fear,1
5.3524337,11.770793,14.470568,./emotion-fmri-neu/cp007_beta_anger_incongruent_c0.nii.gz,7,anger,incongruent,anger,fear,1
5.531137,-20.725103,4.8768387,./emotion-fmri-neu/cp026_beta_fear_congruent_c0.nii.gz,26,fear,congruent,fear,disgust,1
5.7539463,-13.568124,-10.184956,./emotion-fmri-neu/cp024_beta_fear_congruent_c0.nii.gz,24,fear,congruent,fear,disgust,1
5.973303,-1.7425553,12.033926,./emotion-fmri-neu/cp014_beta_fear_congruent_c0.nii.gz,14,fear,congruent,fear,disgust,1
5.9761586,8.855276,15.406707,./emotion-fmri-neu/cp007_beta_anger_neutral_c0.nii.gz,7,anger,neutral,anger,fear,1
6.0604143,-4.244493,15.609574,./emotion-fmri-neu/cp014_beta_fear_incongruent_c0.nii.gz,14,fear,incongruent,fear,disgust,1
6.2657604,-14.173816,-10.417819,./emotion-fmri-neu/cp024_beta_anger_congruent_c0.nii.gz,24,anger,congruent,anger,disgust,1
6.2977214,-20.177418,4.3404756,./emotion-fmri-neu/cp026_beta_anger_congruent_c0.nii.gz,26,anger,congruent,anger,disgust,1
6.440554,-3.8296933,13.475572,./emotion-fmri-neu/cp014_beta_anger_congruent_c0.nii.gz,14,anger,congruent,anger,disgust,1
6.544506,-16.82124,6.1263533,./emotion-fmri-neu/cp026_beta_anger_neutral_c0.nii.gz,26,anger,neutral,anger,disgust,1
6.6078205,12.95989,5.293353,./emotion-fmri-neu/cp020_beta_disgust_incongruent_c0.nii.gz,20,disgust,incongruent,disgust,anger,1
6.8206882,-18.169348,5.8179603,./emotion-fmri-neu/cp026_beta_fear_incongruent_c0.nii.gz,26,fear,incongruent,fear,disgust,1
7.1232204,-4.2263827,14.9769945,./emotion-fmri-neu/cp014_beta_anger_incongruent_c0.nii.gz,14,anger,incongruent,anger,disgust,1
7.198534,11.6373,12.588219,./emotion-fmri-neu/cp004_beta_disgust_congruent_c0.nii.gz,4,disgust,congruent,disgust,anger,1
7.2605524,-18.30567,-10.630158,./emotion-fmri-neu/cp024_beta_fear_neutral_c0.nii.gz,24,fear,neutral,fear,disgust,1
7.3514695,12.1348095,5.9072022,./emotion-fmri-neu/cp020_beta_fear_neutral_c0.nii.gz,20,fear,neutral,fear,anger,1
7.7130203,-16.898651,-10.10177,./emotion-fmri-neu/cp024_beta_anger_incongruent_c0.nii.gz,24,anger,incongruent,anger,disgust,1
7.825655,-18.933872,5.768361,./emotion-fmri-neu/cp026_beta_anger_incongruent_c0.nii.gz,26,anger,incongruent,anger,disgust,1
7.986175,-16.297483,-10.242854,./emotion-fmri-neu/cp024_beta_fear_incongruent_c0.nii.gz,24,fear,incongruent,fear,disgust,1
8.242419,11.596715,11.839152,./emotion-fmri-neu/cp004_beta_fear_congruent_c0.nii.gz,4,fear,congruent,fear,anger,1
8.329034,16.772188,-0.66854143,./emotion-fmri-neu/cp011_beta_fear_incongruent_c0.nii.gz,11,fear,incongruent,fear,anger,1
8.460597,-3.976326,15.718232,./emotion-fmri-neu/cp014_beta_fear_neutral_c0.nii.gz,14,fear,neutral,fear,disgust,1
8.486636,16.164509,1.9704692,./emotion-fmri-neu/cp011_beta_fear_congruent_c0.nii.gz,11,fear,congruent,fear,anger,1
8.538896,2.797428,-2.7161207,./emotion-fmri-neu/cp020_beta_anger_incongruent_c0.nii.gz,20,anger,incongruent,anger,disgust,1
8.921327,16.187904,-1.2296443,./emotion-fmri-neu/cp011_beta_disgust_incongruent_c0.nii.gz,11,disgust,incongruent,disgust,anger,1
9.034468,-15.261028,-10.73664,./emotion-fmri-neu/cp024_beta_anger_neutral_c0.nii.gz,24,anger,neutral,anger,disgust,1
9.367546,16.865646,2.2609456,./emotion-fmri-neu/cp011_beta_disgust_congruent_c0.nii.gz,11,disgust,congruent,disgust,anger,1
10.378182,-4.4801764,-19.84925,./emotion-fmri-neu/cp001_beta_fear_incongruent_c0.nii.gz,1,fear,incongruent,fear,disgust,1
10.381742,-6.0269933,-1.9017558,./emotion-fmri-neu/cp027_beta_fear_incongruent_c0.nii.gz,27,fear,incongruent,fear,disgust,1
10.381889,17.564371,2.908311,./emotion-fmri-neu/cp020_beta_fear_incongruent_c0.nii.gz,20,fear,incongruent,fear,anger,1
11.385384,-3.98761,-18.958313,./emotion-fmri-neu/cp001_beta_anger_incongruent_c0.nii.gz,1,anger,incongruent,anger,disgust,1
11.524246,11.0603485,8.869721,./emotion-fmri-neu/cp003_beta_disgust_neutral_c0.nii.gz,3,disgust,neutral,disgust,fear,1
11.604406,3.8307314,-7.0267715,./emotion-fmri-neu/cp019_beta_fear_neutral_c0.nii.gz,19,fear,neutral,fear,disgust,1
11.933186,-2.0855732,-16.767784,./emotion-fmri-neu/cp001_beta_fear_congruent_c0.nii.gz,1,fear,congruent,fear,disgust,1
12.076188,-1.6320997,-16.238932,./emotion-fmri-neu/cp001_beta_anger_congruent_c0.nii.gz,1,anger,congruent,anger,disgust,1
12.108246,4.6070194,-5.1191688,./emotion-fmri-neu/cp019_beta_anger_neutral_c0.nii.gz,19,anger,neutral,anger,disgust,1
12.356566,-2.9224868,-19.642488,./emotion-fmri-neu/cp001_beta_fear_neutral_c0.nii.gz,1,fear,neutral,fear,disgust,1
12.56466,5.2149563,-7.274236,./emotion-fmri-neu/cp019_beta_anger_incongruent_c0.nii.gz,19,anger,incongruent,anger,disgust,1
12.6128845,-5.174468,-18.416073,./emotion-fmri-neu/cp001_beta_anger_neutral_c0.nii.gz,1,anger,neutral,anger,disgust,1
12.87697,10.356412,8.560646,./emotion-fmri-neu/cp003_beta_disgust_incongruent_c0.nii.gz,3,disgust,incongruent,disgust,fear,1
12.890219,8.7496395,8.354088,./emotion-fmri-neu/cp003_beta_anger_congruent_c0.nii.gz,3,anger,congruent,anger,fear,1
12.958015,6.188077,-8.663915,./emotion-fmri-neu/cp019_beta_fear_congruent_c0.nii.gz,19,fear,congruent,fear,disgust,1
13.018763,-3.4106743,-3.3928108,./emotion-fmri-neu/cp027_beta_fear_congruent_c0.nii.gz,27,fear,congruent,fear,disgust,1
13.21811,-4.9697056,-0.46070907,./emotion-fmri-neu/cp027_beta_anger_congruent_c0.nii.gz,27,anger,congruent,anger,disgust,1
13.341271,5.5601172,-5.74925,./emotion-fmri-neu/cp019_beta_fear_incongruent_c0.nii.gz,19,fear,incongruent,fear,disgust,1
13.363201,11.148023,-12.3875265,./emotion-fmri-neu/cp011_beta_fear_neutral_c0.nii.gz,11,fear,neutral,fear,disgust,1
13.600332,-3.5743089,2.3317583,./emotion-fmri-neu/cp030_beta_anger_neutral_c0.nii.gz,30,anger,neutral,anger,disgust,1
13.787414,10.385396,8.461672,./emotion-fmri-neu/cp003_beta_anger_incongruent_c0.nii.gz,3,anger,incongruent,anger,fear,1
14.395652,7.196018,-6.796339,./emotion-fmri-neu/cp019_beta_anger_congruent_c0.nii.gz,19,anger,congruent,anger,disgust,1
14.7167,11.501611,7.414069,./emotion-fmri-neu/cp003_beta_anger_neutral_c0.nii.gz,3,anger,neutral,anger,fear,1
14.878116,-7.442564,-1.8428211,./emotion-fmri-neu/cp027_beta_fear_neutral_c0.nii.gz,27,fear,neutral,fear,disgust,1
14.932805,-4.5268235,3.227397,./emotion-fmri-neu/cp030_beta_anger_congruent_c0.nii.gz,30,anger,congruent,anger,disgust,1
15.329837,4.3912425,-5.1146474,./emotion-fmri-neu/cp022_beta_anger_incongruent_c0.nii.gz,22,anger,incongruent,anger,disgust,1
16.07391,-4.9878035,4.6616354,./emotion-fmri-neu/cp030_beta_anger_incongruent_c0.nii.gz,30,anger,incongruent,anger,disgust,1
16.21103,-7.9288893,-2.4513988,./emotion-fmri-neu/cp027_beta_anger_neutral_c0.nii.gz,27,anger,neutral,anger,disgust,1
16.69195,3.729439,-4.735883,./emotion-fmri-neu/cp022_beta_fear_congruent_c0.nii.gz,22,fear,congruent,fear,disgust,1
16.845518,-4.4397793,6.1402116,./emotion-fmri-neu/cp030_beta_fear_incongruent_c0.nii.gz,30,fear,incongruent,fear,disgust,1
16.881039,-3.340573,6.8585844,./emotion-fmri-neu/cp030_beta_fear_congruent_c0.nii.gz,30,fear,congruent,fear,disgust,1
16.987997,-6.8297043,4.9916635,./emotion-fmri-neu/cp030_beta_fear_neutral_c0.nii.gz,30,fear,neutral,fear,disgust,1
17.039953,8.05846,9.059733,./emotion-fmri-neu/cp003_beta_disgust_congruent_c0.nii.gz,3,disgust,congruent,disgust,fear,1
22.596104,2.5036974,-3.7237258,./emotion-fmri-neu/cp022_beta_fear_incongruent_c0.nii.gz,22,fear,incongruent,fear,disgust,1
23.3598,1.4490716,-3.1352274,./emotion-fmri-neu/cp022_beta_anger_neutral_c0.nii.gz,22,anger,neutral,anger,disgust,1
23.741285,3.4857206,-4.5959716,./emotion-fmri-neu/cp022_beta_fear_neutral_c0.nii.gz,22,fear,neutral,fear,disgust,1
23.807976,4.058481,-2.3719738,./emotion-fmri-neu/cp022_beta_anger_congruent_c0.nii.gz,22,anger,congruent,anger,disgust,1
